nama_tempat,username,rating,review
Nasi Tempong Mbok Nah,Daphney,4,"Nasi tempongnya enak sekali dengan lauk tambahan yang melimpah, sampe bingung makannya gimana karena saking banyaknya. Aku juga pesan es temulawak dan nyobain untuk pertama kalinya dalam hidup, ternyata enak sekalii. Yang perlu diperbaiki dari rumah makan ini servicenya yang lumayan lama, kebetulan pas aku datang lagi refill lauk lagi jadi lumayan nunggu 10 menitan sebelum dilayani. Selain itu, di meja makannya lumayan banyak semut berkeliaran yang cukup membuat nafsu makan berkurang. Tapi untungnya ada sambal yang bikin nafsu makan meningkat lagi karena sambalnya pedas sekali."
Nasi Tempong Mbok Nah,Yohana Tarigan,5,"Porsinya banyak banget.
Nasi, tahu, tempe, bakwan jagung, ikan asin, sayur rebus (bayam, toge, kol), sambel tempong yang menurut saya kurang pedes, dan sepertinya sambelnya itu sambel matang.
Tambah lauk ; cumi, ayam goreng, telor dadar 2.
2 porsi, minum teh anget, total 52rb saja.
Layak untuk dicoba."
Nasi Tempong Mbok Nah,Ika Izatul,4,Uwww enak sambalnya pedasss bener bener nonjok. Selama di Banyuwangi kesana 2 kali. Pertama malam hari antrian ga banyak dan lancar. Kedua siang hari jam makan siang very crowded. Rekomen udang gorengnya.. mantapp
Nasi Tempong Mbok Nah,HiroShima's Mommy,5,"Lokasi strategis di tepi jalan raya utama, bersih dan pelayannya juga resik rajin membersihkan sisa yg selesai makan, lantai jg disapu. Ibu2 yg melayani saat pilih menu orgnya ramah dlm menjelaskan pilihan menunya dan wkt makan jg ditanya enak ga, harganya murah bgt sih.. kemarin saya makan 2 porsi, 1 pakai lauk cumi ireng dan 1nya pakai telur dadar, kerupuk 2, es jeruk, es teh manis, dgn porsi lengkap itu cuma 43rb. Minusnya justru menurut saya di sambel tempongnya yg kurang pedas. Overall ok, thanks semoga  laris manis terus ya!"
Nasi Tempong Mbok Nah,Ardian Nugroho,5,"Nyampai Banyuwangi langsung melipir ke sini buat nyobain makanan khasnya. Lauknya banyak sekali pilihannya. Ada ayam goreng, ati, dan masih banyak lagi.

Sambalnya agak pedas buat yang ga terbiasa makan sambal ya.

Tadi makan berdua habis 50 ribu."
Nasi Tempong Mbok Nah,Vivi Andrika,5,"Paketan nasi tempongnya lengkap sekali: Nasi, lauk, gorengan (tempe, tahu dan bakwan jagung) lalapan dan sambal. Pakai nasi separo aja udah kenyang banget. Lauk-lauknya gurih dan pedas dari sambalnya masih sangat bisa dinikmati (gak over pedes gitu rasanya).
Kalau ke Banyuwangi wajib mampir ke sini! Tapi kudu sabar ya karena di sini rame sekali"
Nasi Tempong Mbok Nah,Recta Olivia Umboro,4,"Suasana kaki lima yang dijamin bikin kangen dan pengen balik lagi. Harganya ramah di kantong dengan cita rasa banyuwangi yang gk kaleng2. Yang bikin beda tuh sambelnya.porsi nasi yg segambreng dengan lalapan bikin gk sadarkan diri buat nyuap lagi2 dan lagi smpe tau2 habis dipirinh..juara lah pokoknya.selalu rame, tapi pelayanannya cepat.jd gk perlu nunggu lama2."
Nasi Tempong Mbok Nah,wahyuning sulistioningsih,5,"Abis nyebrang dr pelabuhan gilimanuk mampir sini sebelum ke penginapan.  Lihat review di tiktok katanya enak. Langsung deh cobain di kota asalnya bwi, ternyata bener2 enak, sambal nya manis tp pedes nampol gitu. Makan berdua, lauk ayam, telur, hati dan udang. Esteh 2. Kerupuk 3. Cuma 55rb aja MURAH POLLLLLL"
Nasi Tempong Mbok Nah,Joker Flower,4,"Nasi tempongnya murah
Cuma sambelnya asin banget tapi juga pedes. Enggak tau kenapa sambelnya kayak gitu 😩
Sambelnya melimpah banget sih
Udangnya juga enak
Telur juga oke
Es teh jumbo dan murah

Tapi nasinya gak habis karena sambelnya asin banget tapi pedes

Nasi tempong isinya: Nasi, Sayur, ikan asin, tahu tempe, dan sambel

Nasi tempong: 8k/porsi
Udang goreng tepung: 13k/porsi
Telur: 3k/porsi
Es teh: 3k/porsi

Makan sesuai foto hanya keluar 51k, murah sih segitu banyaknya

Enak tapi sedikit kecewa sambelnya
Mungkin kalo balik BWI gak bakal kesini lagi

*Pernah iseng makan sambelan tempong random di pinggir jalan Banyuwangi sambelnya enggak asin kok dan enak sebenarnya*"
Nasi Tempong Mbok Nah,alviona putri,5,Wajib banget mampir kesini nyobain tempong murce tapi rasanya enak poll! Bakal ngerekomendasiin temen temenku buat datang kesini sih kalo pas main ke Banyuwangi
Nasi Tempong Mbok Nah,Gideon Subagyo,5,"Nasi tempong legend yang ada di Banyuwangi. Sambalnya berbeda dengan yang ada di Bali, yang ini lebih nampol. Rasanya manis, asin, pedas, asam nyampur jadi satu.

Tempatnya ga begitu besar dan cukup banyak pembelinya. Tapi, mereka juga cepat kalau melayani custumer. Harganya juga affordable."
Nasi Tempong Mbok Nah,Adhet Si Kentang,4,"Ini cukup ramai gaes. Jadi kudu sabar antri aja sih. Yang aku suka dari tempat ini: tempat makan cukup luas ada dlam dan luar, pilihan menu juga cukup banyak sih. Dan sambelnya dikasih cukup banyak juga jadi puas aja. Tapi jujurly bukan the best nasi tempong in town sih. Harga lumayan juga tapi sesuai dengan porsinya. Overall oke aja."
Nasi Tempong Mbok Nah,wiwin setiabudi,5,"mantap ini nasi tempong nya dari segi cita rasa khas banyuwangi sekali penyajian cepat, layanan juga gercep banget lokasinya gampang di jangkau dan harganya masi tetep murah meriah untuk lauk nya juga sangat lemgkap dan mantul"
Nasi Tempong Mbok Nah,Adi Luthfi,5,"Kesini untuk makan malam, waktu itu cukup ramai dan mengantri tapi ngga terlalu lama. Kita bisa pilih mau makan pakai lauk apa. Sambalnya juga enak, ngga yang pedes banget. Tempat cukup nyaman ada yang di luar sama di dalem tempatnya."
Nasi Tempong Mbok Nah,amalia wardhani,5,"Sepertinya salah satu yang terkenal di banyuwangi. Harga murah rasa enak, pilihan lauknya banyak. Sambel pedes banget. Tempat duduk lumayan banyak. Pas jam makan siang rame buanget."
Nasi Tempong Mbok Nah,ini Emailku,4,"Lokasi pas di pinggir jalan jadi gampang nyari.

Sambelnya tipe pedes tapi ada manis manis nya

Disini harganya murah banget bertiga sama minum cuma 66 ribu

Antrinya lumayan gak lama

Duduknya bisa di luar atau di dalam, ada juga yg lesehan. Tapi harus nunggu orang selesai makan dulu buat dapet tempat duduk"
Nasi Tempong Mbok Nah,Bunny Hoop,5,"Makan siang nasi tempong pake dadar dan cumi, melimpah ruah porsinya. harga 26k, bner bner kenyang dan rekomen sih pedesnya. Fix wajib mampir dan masuk shortlist kuliner :)"
Nasi Tempong Mbok Nah,Gyant Anggasepta,5,"Nasi Tempong recommended di Banyuwangi kota. dengan porsi banyak, lauknya pilih sesuai selera, sambalnya pedes sekali.
Rasanya enakkk.
Yang beli ramai banget.
Dan harganya murah meriahh.

Cuma tempatnya kurang kipas angin, jadi sumuk & berkeringat.

Kalau ke Banyuwangi, sempatkan nyoba makan nasi Tempong disini 👍💯✅"
Nasi Tempong Mbok Nah,Athaya Irfan,5,"Enak, porsinya banyak. Saya pesan masi tempong pakai dang, cumi, dan telur dadar total 41rb."
Nasi Tempong Mbok Nah,Rahmat Riyadi,4,"Nasi tempong di tengah kota Banyuwangi yang letaknya strategis di pinggir jalan raya. Rasa makanannya dominan pedas dan porsi banyak, harga murah under 20k udah dapat nasi ayam es teh sambel dan pelengkapnya. Untuk rasa makanan sama seperti yang lain dan sambalnya termasuk pedas. Lauk-lauk yang disajikan dingin sehingga kurang nikmat."
Nasi Tempong Mbok Nah,Motorrio Rio,5,"Keduakalinya saya dan keluarga makan disini, dan tetap mantaaaapp!!
Pilihan lauknya banyak, dan harga masih masuk akal

Kalau dilihat-lihat, nasi tempong ini mirip nasi sambelan di Surabaya dan sekitarnya, bedanya standar sudah dikasih sayuran rebus, dadar jagung, tempe tahu, dan sambalnya pedas, manis gurih, bikin gobyos setelah selesai makan.

Nah....lauknya itu yang bermacam-macam, dan digoreng semua, ngga ada yang direbus seingat saya. Minumannya kalau pingin yang lejen bisa pilih Temulawak bersoda yang dulu terkenal banget, namun sekarang mulai menghilang terdampak minuman bersoda impor."
Nasi Tempong Mbok Nah,Liong Lie,5,"Dari beberapa rumah makan yang menyajikan Nasi Tempong, saya lebih cocok dengan Nasi Tempong Mbok Nah. Sayur dan lauk yang disajikan enak, sambalnya pun lebih enak. Telor dadarnya gurih, wajib dicoba.

Ibu-ibu yang melayani di counter makanan juga sangat ramah dan sabar menjelaskan menu makanannya, meskipun kondisi sedang ramai antrian.

Rumah makannya sederhana namun cukup nyaman untuk menikmati makan di tempat. Tempat makan dan suasana hanya fungsional, bukan tempat untuk berlama lama makan sambil ngobrol karena cukup ramai pengunjung. Meski demikian, Nasi Tempong Mbok Nah sangat recommended bagi yang ingin menikmati nasi tempong makanan khas Banyuwangi."
Nasi Tempong Mbok Nah,Anton Chandra,5,Pengalaman makan malam di nasi tempong ini menunya bervariasi dan enak banget sambelnyaaaaaa maknyossss dan harganya juga murahhh
Nasi Tempong Mbok Nah,Nadhira Haifa,5,"Nyobain nasi tempong dari daerah asalnya. Untuk rasa semua kombinasi yang ada di piring enak. Harus cobain ayam dan telur dadarnya dicampur dengan sambalnya yanb pedas mantap. Makan sampai keringetan. Cuma yang saya kurang suka adalah perkedelnya, mungkin bukan selera saja. Tapi untuk yang lainnya enak.
Untuk harga jangan ditanya, sangat murah!
Hanya saja, antrian memesannya tidak jelas. Bisa saling menyelak karna ramai sekali. Saya datang sudah agak malam sekitar jam 9 malam dan sudah kehabisan udang. Mungkin karna saking ramainya."
Nasi Tempong Mbok Nah,Hesti FFF,5,"Semua menunya enak, banyak lauk tapi tetep menyatu rasanya, malah bikin makin enak. Sambelnya joss, pedesnya sangat terasa. Bukan terasa lagi, lebih ke nampolll. Pingin balik lagi kesini"
Nasi Tempong Mbok Nah,Marvel Aditya,5,"enak bngtttt,pantes rame. Sambelnya emg beneran sambel yang notabene pedes, soalnya kadang di tempat lain ada yang ga pedes."
Nasi Tempong Mbok Nah,Momotorun Yuk,5,"Nasi tempong khas banyuwangi
Cocok di lidah
Cumi nya enak pake banget
Apalagi makannya abis touring momotorun
Pelayanannya oke, antrian rapih
Mantapp lah ajib 👍"
Nasi Tempong Mbok Nah,Abdullah Faedi Rahman,4,"asli ini nasi tempong murah banget, dan lauk utamanya kalian bisa pilih sendiri. cukup lengkap mulai dari telor dadar, ayam, cumi, lele semua ada. ini aku pilih nasi telor tempong pakai sambal khas-nya yang asem seger pedes gak pelit sama sekali dan harganya cuman 11k. sebagai bukan warlok ini worth banget, dan tempatnya selalu ramai."
Nasi Tempong Mbok Nah,Erwin Haryanto,5,"Makanan khas banyuwangi, nasi tempong yang banyak pilihan lauknya. Sambelnya juga mantappp. Recomended"
Nasi Tempong Mbok Nah,EGGG YAMADA,4,"Salah satu tempong yang dituju kalau ke Banyuwangi. Ada banyak pilihan lauk dari mulai ikan, cumi hitam, ayam, udang dan juga pepes tongkol. Harga murah. Porsi banyak dan kenyang.
Disini tempatnya sederhana. Untuk kebersihan kurang. Tempat makan kurang nyaman, apalagi kalau habis hujan. Banyak sekali lalat, meja dan lantai sekitar tampak kurang bersih."
Nasi Tempong Mbok Nah,Savira Izzaanti,4,"untuk yang suka super pedes ini akan terasa gak pedes yaa, kalo udah sore lauknya kurang lengkap, mungkin kalo siang masih banyak pilihan"
Nasi Tempong Mbok Nah,Rajab Amali,5,"Rasa makanannya enak pwoll, meskipun kurang suka pedes. Tapi kalo pas ke Banyuwangi mesti sempetin makan disini. Rasa telornya enak banget, udangnya juga manteb. Very recommended"
Nasi Tempong Mbok Nah,Permana Aji,5,"Makanaannya enak dan pedas, sangat murah harganya dibandingkan yang di Bali"
Nasi Tempong Mbok Nah,Doddy Setiawan,5,"Makanan enak harga murah, menu beragam"
Nasi Tempong Mbok Nah,Verly Anindya,5,"Ternyata nasi tempong itu enak ya. Aaaa jadi pgn lagi, jauh bgt tapiii"
Nasi Tempong Mbok Nah,Haby Kilap Global,5,"Saya akui rasanya enak,
1. Rasanya paling balance, mulai dari lauk dan bumbu yang dicampur.
2. Ayam goreng dan telur dadarnya wajib untuk dicoba
3. Pedasnya cukupan, gaterlalu pedes. Pas🫡

(-)
1. Suasanya cukup ramai, tidak ada sistem antrian di kasir, hanya nomor order dan orang bisa sebebas itu untuk menyela.
2. Minuman datang belakangan setelah makanannya habis"
Nasi Tempong Mbok Nah,Atha Collections,5,"Taste good, friendly staff, easy to park my car, boleh minta sambal banyak, pilihan menunya juga banyak, sayang saat beli petenya kosong."
Nasi Tempong Mbok Nah,Mnb Muslim,5,"Makanan enak murah nasi tempong, paket ny udh dapet nasi, sayuran, sambal, tahu, tempe, dadar jagung, ikan asin

Bisa tambah ikan lain
Kebetulan saya tambah ikan telur dadar

Nasi tempong paket + telur dadar + es teh manis : Rp 14.000,-

Alhamdulillah terjangkau untuk pekerja lapangan seperti saya"
Nasi Tempong Mbok Nah,Rahmad Azhari,4,"Mau cari makanan yang comfort yaa nasi tempong mboh nah pilihan yang cocok, disamping murah dan enak tapi harus kudu sabar antri.."
Nasi Tempong Mbok Nah,Dewi Kusuma,4,"Kalau untuk makan sekedar kenyang, lumayan lah sesuai harga, tapi kalau cari kenyamanan dalam menikmati makanan jangan makan disini."
Nasi Tempong Mbok Nah,Gemma Febriany,5,"Salah satu nasi tempong yang ramai di area banyuwangi kota. Sepanjang makan di sini gak berhenti orang-orang yang pesen bungkus, satu orang bisa bungkus lebih dari 5 porsi. Lauknya banyak pilihan, tadi pesan 2 porsi nasi dengan lauk ayam goreng, extra ati ampela dan telur dadar, sama minum dengan total 48 ribu. Enak, murah, kenyang!"
Nasi Tempong Mbok Nah,Ade Bayu,5,minusnya panas aja di tempatnya dan parkir sempit. klo yang lain-lain worth it dengan harga segitu yang lumayan murmer
Nasi Tempong Mbok Nah,Laurentia Meilani,5,Cukup banyak pilihan lauknya. Enak dan harganya murah. Tempat duduk cukup banyak.
Nasi Tempong Mbok Nah,JUSTIMTIMMY Timur Asy'ari,5,"Sumpah dari sekian nasi tempong yang ada di Banyuwangi, menurutku ini yang paling enak! Sambelnya tu pedes tapi bikin nagih banget! Asin gurih enak! Suasananya bener2 banyuwangi banget 😍"
Nasi Tempong Mbok Nah,DeviraTiger,3,"sambelnya gak pedes sama sekali padahal mintak pedes, gak ada ikan asin dan dadar jagungnya 😌"
Nasi Tempong Mbok Nah,Satrio Budiman,5,Harganya sangat terjangkau! Sambal tempongnya mantap
Nasi Tempong Mbok Nah,Rifqi Hawari (Rifqi),5,"Ke Banyuwangi belum lengkap rasanya jika belum nyobain salah satu kuliner khas Banyuwangi bernama Sego Tempong. Kata sego dari bahasa jawa yang artinya nasi dan kata 'tempong' dari bahasa Using yang artinya tempeleng atau tampar. Isinya nasi, sayur, lauk pauk dan sambal cabe merah khas Banyuwangi yang pedasnya ""nampar"" banget. Saya mengunjungi warung Nasi Tempong Mbok Nah karena mempunyai review yang oke banget di gmaps sekitar 4900 ulasan dan dekat dengan penginapan. Letaknya di pinggir jalan, hampir kelewatan karena tempatnya mirip warteg biasa. Parkir mobil bisa di pinggir jalan jadi aman. Walaupun ngantri tapi servicenya cepat. Untuk rasa nasi tempong menurut saya lebih kearah campuran sedikit oily, asin dan pedas, lauknya sy tambah sate udang dan telur dadar yang rasanya juga mantap banget, cocok dengan sambalnya. Harganya murah di kantong, saya pikir bakal mahal karena jadi tujuan wisata, rekomended👍🍽️"
Nasi Tempong Mbok Nah,Nurul Awaliah Arwing,4,"Salah satu yg direkomendasiin sama orang2. Sambel tempongnya enak, sayuran rebusnya jg manis. Tempenya enak masih hangat baru diangkat dari penggorengan. Tapi untuk lauk lain semua udah dingin. Pilihan lauknya banyak & beragam. Sambelnya pedes mantep, kalo ga kuat pedes minta pisah aja. Tempatnya jg cukup luas tapi kebanyakan orang kayaknya take-away.

Tapi kekurangannya mungkin karna ngambil2 lauk dan condiment lain tuh pake tangan semua. Lebih higienis sebenarnya menggunakan alat capit. Atau itu memang semacam penyajian khas dari nasi tempong."
Nasi Tempong Mbok Nah,indah rimadianti,5,"Rameee, rekomen lauk telur dadar soalnya kmrn nyoba ini😂

Enak, pedese menurutku masih bisa dinikmati. Sambel aroma jeruknya mantap ga yg kecut bgt, pas, coba manise ditambah dikit kyke akan lebih mwantap lagi (tp selera sih ya, aku kmrn kyk keasinen duikit tp ga banyak)

Meskipun antri tp cepet. Beneran rasa sambel rumahan yg biasa dimasak ibukkuu🫶"
Nasi Tempong Mbok Nah,yan chen Jimmi,5,"Enak banget.  1 porsi nasi tempong isinya nasi, lalapan rebus & mentah, tahu, tempe, perkedel, ikan asin & sambal. Sambalnya enak banget. Tinggal tambah lauknya sesuai keinginan. Enak2 semua. Harga bersahabat."
Nasi Tempong Mbok Nah,Anffa Adzima,5,"Masakannya enak, tempatnya strategis tidak sulit dicari
Variasi makanannya super lengkappp"
Nasi Tempong Mbok Nah,sendal cepit,5,"Wenak,kemyang,sambel pedes mantep. Lauk lengkap"
Nasi Tempong Mbok Nah,Meggy Kadam Aryanto,5,Sumpah demi apapun makan di sini murah banget nggak nyampe Rp20.000 udah dapat porsi yang banyak banget pantesan ramai dan legend banget karena para artis pun pernah makan di sini kalau ke Banyuwangi recommended deh makan di sini
Nasi Tempong Mbok Nah,Lizaa,5,"Nasi tempong enakk, murah, porsi banyak bgt dan sambel nampol pedasnya. Dengan harga Rp. 17.000,- sudah dapet lauk ayam, bakwan jagung, tahu, tempe, ikan asin, sayur rebus dan sambel. Sambel dibuat fresh. Selama 3 hari di banyuwangi udah 2 kali berturut turut makan tempong ini karna nagih bgttt sambelnya!!!

Kurangnya hanya ada lalet hijau terbang dan kursi sedikit."
Nasi Tempong Mbok Nah,Ikhfina Dhea Faramitha,5,"Rasanya otentiiiik banget
Kayaknya akan kangen terus sama nasi tempong ini, harganya super muraaah 2 porsi pake telur dan udang serta es teh cuma 41rb
Terngiang2 sih rasanya sampe sekarang, mampir disini aja buat cobain nasi tempong khas banyuwangi yaaa"
Nasi Tempong Mbok Nah,Febri Ayudea,5,"Murah bangettttt. Makan berdua cuma 35ribu. Tadinya udah mikir bakal mahal karena kan termasuk tujuan wisata hihihi.

Parkiran gampang, ada jukir, kalo parkir mobil lebih gampang parkir di seberang.

Antri, order makanan dulu, order minum, cari tempat duduk. Dibalik juga gpp sih 😌 Ada pilihan lauk yang bisa dipilih, default nasi tempong : tempe, dadar jagung, ikan asin jambal. Sambelnya kaya sambel penyetan gitu, hati-hati buat yang ga terlalu suka pedes 😂

Makan pake tangan tapi ada wastafel"
Nasi Tempong Mbok Nah,Annisa Mulia Nastiti,4,"Tempatnya cukup mudah ditemukan, datang kemari sekitar habis maghrib waktu setempat, dan lauk sudah habis habisan. Hanya ada pilihan ikan kembung dan ati ampela. Porsi dan harga terbilang worth it ya. Pedas sambalnya juga mantap. Yang disayangkan adalah, karena berkunjung mendekati jam tutup, karyawan beres2 toko walaupun masih ada beberapa pelanggan yang makan di tempat. Suasana makan jadi tidak tenang. Mungkin lebih nyaman datang ke sini siang atau sore saja."
Nasi Tempong Mbok Nah,Ayu Andika,5,"Tempat makannya sederhana, ada di pinggir jalan, tapi kadang kalau naik kendaraannya nggak pelan2, bisa kelewat. Soalnya banyakkk banget tempat makan berjajar di sana dan bahu jalan banyak kendaraan parkir. Jadi kadang kayak nggak keliatan gitu kalau nggak teliti.
Makanan di sini murah, enak juga dan porsi nasinya banyak. Satu porsi udah terdiri dari nasi,  sambal, sayuran rebus, tempe, tahu, bakwan jagung, sama ikan asin, abis itu tinggal kita mau nambah lauk apa.
Ibu penjualnya ramah sama pelanggan dan cekatan banget kalau ngelayanin.
Kemarin waktu beli pakai lauk telor dadar itu 11k dan yg pakai ikan tenggiri itu 16k."
Nasi Tempong Mbok Nah,Michael W,5,"Pertama kali cobain nasi tempong mbok nah
Mau pesan antri nya panjang banget, dan lauk nya habis 🥲
Sisa lauk telor aja

Rasanya enak, telor nya besar, kriuk"" tapi minyak nyabterlalu banyak
Sambel nya pedes manis enak banget 👍🏻👍🏻

Penjual nya ramah banget
Harga 1 porsi cuma Rp11.0000
Untuk es teh nya Rp3.0000"
Nasi Tempong Mbok Nah,Hesty Mangunsong,5,"Suasana warung biasa seperti umumnya warung makan, lumayan bersih kok...ada wastafel utk cuci tangan jg. Lokasi di pusat kota banyuwangi ya

Pilihan menunya banyak, sambalnya maknyooosss tp yg ga kuat pedes mintanya dikit aja ya...sayang kalau terbuang kalau tdk habis

Aku lupa foto tempat lauknya....ordernya lgsung ke meja semua lauk ada ya, pilih yg kamu suka (kecuali tahu tempe & sayur itu sdh bagian dari nasinya) ada ayam, udang, telur dadar, dll...banyak deh
Rasanya pas banget buatku krn tdk manis sprti umumnya lauk khas jawa, enaaaakk lah, harga jg standar (murah kok)"
Nasi Tempong Mbok Nah,Astri Dewayani,5,"You could request the spicy level

Tempatnya enak naik motor"
Nasi Tempong Mbok Nah,puspita sari,5,"Setelah sekian lama tinggal di Bwi akhirnya nyobain juga nasi tempong ini, kemarin beli untuk dibungkus karena ramenya pol²an klo makan di sini apalagi pas musim liburan. Sambelnya enak, lauk ayamnya enak, harganya 16rb kalau pakai lauk ayam."
Nasi Tempong Mbok Nah,Fajar Permadi,4,"Untuk menikmati nasi tempong mbok nah perlu antri cukup panjang, sambalnya cukup banyak, pilihan lauk juga banyak. Sambalnya cukup pedas bagi saya,  bagi yg lain masih belum cukup pedas katanya. Tempat cukup luas, ada pilihan di kursi atau lesehan. Mantap pedasnya..."
Nasi Tempong Mbok Nah,Miftakhul Amaliya,5,"wahhh inisih gausah di raguin lagi, nasi tempong andalan dari dulu, porsinya gede juga, tempatnya enak, pelayanannya oke, tapi pasti rameee, jadi harus sabar mengantri ya gaisssss"
Nasi Tempong Mbok Nah,Jeffri Cahyono,4,"Seperti nasi sambelan pada umumnya, nasi putih hangat disajikan dengan sayuran, sambal dan lauk. Sambalnya pedas tapi justru ini yang bikin ketagihan.
Lauknya kita bisa milih, ayam goreng, telur, ikan, lele, jeroan dll. Aku pake ikan laut tambah telur dadar yang krispi banget.
Makanan enak, lokasi tempat makan cukup sempit. Kalau datang saat jam makan bisa jadi harus nunggu meja ada yang kosong.
Ps. Harap sabar yang mau makan, di sini tak ada nomor antrian dan masih banyak warga 62 yang pingin nyerobot antrian."
Nasi Tempong Mbok Nah,Arya Darmansyah,5,"Makanan khas Banyuwangi, setiap BWI pasti mampir disini dan gak pernah absen. Menu lauknya banyak, sambelnya pedes tp mantap. Parkiran agak susah karena pas pinggir jalan. Tempatnya indoor non AC"
Nasi Tempong Mbok Nah,Fikri RF06,5,"Nasi tempongnya enak dengan topping yang lengkap, sayurnya cukup banyak dan lauknya pun tidak pelit. Datang ke sini jam 8.15 dan sudah lengkap menunya, juga sudah ada pembeli lain yang datang sebelumnya. Rasanya enak sesuai ekspektasi. Sambalnya cukup pedas untuk ukuran saya. Warungnya tidak begitu luas dengan meja memanjang di samping tembok, namun kursinya cukup banyak. Di sini juga tersedia minuman lokal temulawak."
Nasi Tempong Mbok Nah,Nita Dewi,5,"Enakkk.. sambelnya mantap, pilihan lauknya banyak, kemaren beli 2 porsi plus ayam, telur asin dan extra sambel plus kerupuk cuma 40k 🤟🏻"
Nasi Tempong Mbok Nah,adink odink,5,"Makanan khas banyuwangi yang nikmat. Banyak berbagai  pilihan lauk pauk yang menarik. Harga relatif murah untuk rasa yang lezat. Sambal tidak terlalu pedas, jadi cocok buat yang tidak suka pedas."
Nasi Tempong Mbok Nah,Gilang Aditya,4,"Nasi tempongnya enak dengan berbagai lauk mulai dari telur crispy, ayam goreng, ikan goreng, ati, dll. Kalau mau coba salah satu rekomendasi nasi rempong bisa kesini.
Yg susah paling parkir dan meja makannya yang terbatas."
Nasi Tempong Mbok Nah,Fitri Nuzulia R,5,"Kalau main ke bwi pasti bakalan makan kesini lagi deh. Selain makanannya enak, porsi banyak, lauk lengkap harganya murah pula. Minta tambahan sambel pun boleh. Sambelnya pedes seger."
Nasi Tempong Mbok Nah,eRGe,5,"Sambelnya juara, pedesnya yang maksimal dipadukan dengan nasi yang masih panas, lkan yang gurih, serta tempe goreng terenak yang pernah gua makan. Rekomended banget kalau lagi di Banyuwangi, wajib mampir kesini!

Balik lagi setelah 6 tahun, dan tetep enak ya alloh... menu yg dipesan hari ini sederhana, nasi telor dadar. Tapi nikmat bangeet!

Makanan yang wajib gua kunjungi kalau ke banyuwangi"
Nasi Tempong Mbok Nah,Taufan Yusuf Nugroho,5,"Kedua kali menikmati Nasi Tempong Mbok Nah di Banyuwangi. Warung di ukuran kios tersebut selalu ramai pengunjung baik dari jam buka hingga tutup. Di sini yang jelas bikin lidah bergoyang dan nagih adalah segar pedasnya sambel Tempong. Beh, ini dikasih lauk apa saja masok pokoknya. Pelayanannya ramah dan humoris juga. Jadi buat pengunjung juga gak keki. Soal harga tentu bersahabat lah. Jadi tak perlu khawatir saat ingin mencicipi olahan Nasi Tempong di Warung Mbok Nah. Jajal langsung ya kalo pas singgah di Banyuwangi."
Nasi Tempong Mbok Nah,rizki rachmansyah,5,"Kuliner Yang Wajib Di Coba Jika Ke Banyuwangi , Sego Tempong Mbok Nah , Lauknya Enak , Sambalnya Mantap Harganya Murah , Tapi Harus Siap Natri Jika Jam Makan , Tapi Pokonya Mantap Rasanya , Ke Banyuwangi Belum Lengkap Rasany Jika Belum Coba Kuliner Ini

Sego Tempong Mbok Nah ⭐️⭐️⭐️⭐️⭐️
Rasa : 8.8/10
Tempat : 8.0/10
Harga : 15k"
Nasi Tempong Mbok Nah,Deddy Ariadi,5,"Pilihan lauknya lumayan lengkap, sambalnya enak banget, pedesnya pas ga bikin “kebakaran”, harganya sangat bersahabat, termasuk nasi tempong terfavorit saya sejauh ini, selain karena harganya juga ga mahal."
Nasi Tempong Mbok Nah,Panji Nugroho,5,"Legend banget, klo ke Banyuwangi wajib sih kesini"
Nasi Tempong Mbok Nah,santa edgina,5,Pelayanannya ramah sekali & pilihan lauk banyak
Nasi Tempong Mbok Nah,Irsyad Fuadi,5,"Salah satu warung andalan di Banyuwangi, nasi tempong mbok nah, ga pernah sepi.
Banyak pilihan lauk, harga juga murah cocok buat anak kost, porsi nasinya banyak.

Waktu ngekost di Banyuwangi terus bingung makan apa pasti ke warung mbok nah, lauk tinggal milih dijamin kenyang, sambalnya joss enak sekali"
Nasi Tempong Mbok Nah,so hin sing,4,"Sambel nya sangat enak, lauk bervariasi, harga terjangkau,  harus anti, self service."
Nasi Tempong Mbok Nah,Andre Leonardo,2,"Saya kurang tau apa lidah saya yang tidak cocok atau gimana
Tapi yang saya rasakan ciri khas sambalnya bukan yang di masak alias segar yang isinya tomat, sambal dan bumbu. Rasang cenderung kecut yaaa …"
Nasi Tempong Mbok Nah,Frisca Tyas,2,"Baru kali ini makan nasi tempong lauk telur masih ada kulit telurnya. Gimana yg masak sih masak gak keliatan, orang disuruh makan toping cangkang telur"
Nasi Tempong Mbok Nah,william kusuma,2,"Tidak bersih dalam penyajiannya. Pelayan yg mengambil makanan langsung dengan tangan telanjang tanpa sarung tangan ataupun sendok. Padahal mereka habia memegang uang. Walaupun masakannya rasanya enak, tapi kalo tidak bersih seperti itu BIG NO !!"
Nasi Tempong Mbok Nah,Angelia Stephanie,5,"Mantab enak, sambelnya wangi, lauknya fresh, porsinya pas, sesuai dengan harga. Ikannya besar2, endullita 😗"
Nasi Tempong Mbok Nah,Thea Napitupulu,5,"Sambalnya pedas. Tapi yang namanya sambal sego tempong itu memang harus pedas. Bau terasinya juga terasa. Lauknya juga fresh dan rasanya pas saat dimakan. Ada berbagai macam lauk, ayam, udang, ikan, telur, dll. Sayurnya juga fresh terlihat hijau jadi vitaminnya masih ada. Saat jam makan siang full dan ramai. Harganya murah dan sesuai dengan kantong. Pelayanannya juga cepat banget."
Nasi Tempong Mbok Nah,Yoga Jalasena,5,"Kebetulan dapet nasi yg kurang fresh.
Telor dadarnya terlalu garing banget.
Bumbu cuminya juga biasa saja.

Sambel & lalapan oke sekali."
Nasi Tempong Mbok Nah,Sholhan Aziz,5,"Nasi sambal tempong super mak nyus di banyuwangi. Super komplet nasi tempong dengan nasi, tempe dan tahu goreng, sayur rebus, ikan asin plus sambal tempong nya.... sedap....
Walaupun bentuk nya bukan restoran..namun lokasi dan akses mudah ... biasanya selalu ramai..
Tahu dan tempe nya gurih, ikan asin nya tebel dan lezat, telor goreng nya kriuk, ikan goreng nya sedap....sambal nya....😋
Saya bertiga makan malam di sini. Nasi temponh 2 porsi pakai ikan goreng dan 1 porsi nasi tempong pakai telur goreng, plus tempe goreng 1 porsi ( 6 potong) plus es teh 3...total gak sampai 60K..
Yang doyan pedas...yang satu ini jangan sampai kelewatan."
Nasi Tempong Mbok Nah,EW Tanto,5,"Warung ini menjual kuliner khas Banyuwangi yakni nasi tempong. Nasi tempong adalah nasi putih yang diberi sayur kangkung/bayam sedikit asin dan diberi sambel yang cukup pedas sedikit asin juga.

Tempatnya berada di pinggir jalan. Parkir mobil juga di bahu jalan,jadi kalau pas ramai dan tidak memperoleh tempat parkir,maka parkir agak jauh dari tempat lokasi.

Antriannya banyak,tidak dipisahkan yang dimakan di tempat dan di bawa pulang,dan karena berjubel,semua konsumen minta dindahulukan,tapi untungnya penjualnya ingat urutan konsumen yang datang lebih awal :)

Sambil menunggu dan agar cepat antrian,silahkan melihat lauk apa yang ingin ditambahkan. Standar nya hanya nasi+sayur kangkung/bayam+tahu+tempe

Jumlah tempat duduk hanya cukup untuk 25 orang saja,belum lagi kalau ada yang merokok di dalam warung. Lebih enak makan di trotoar,makannya lebih leluasa. Kalau untuk anak anak,bisa pesan nasinya tidak diberi sambel

Cukup murah di kantong"
Nasi Tempong Mbok Nah,B,4,"Lokasi gampang ditemukan. Untuk porsi sangat mengenyangkan dengan harga yang bersahabat. Kami pesan 2 nasi tempong dengan lauk ayam goreng, lele goreng, telur dadar 2, es teh 2, kerupuk 1 dan pepes ikan kecil 1, harga yang harus kami bayar hanya 49ribu. Saya suka dengan lauknya hanya saja sambal tidak sesuai selera saya karena terlalu asam dan baunya sepeti sayur basi. Sambal tidak terlalu pedas bagi saya."
Nasi Tempong Mbok Nah,nurrima adlina,3,Sambal tempongnya pedas tapi asin. Kurang cocok di lidah saya. Utk pepes nya enak. Telur dadarnya lumayan sih. Harganya cukup murah kok. Per porsi 12.000.
Nasi Tempong Mbok Nah,sandy pradana,5,Enak banget! Harga murah meriah. Sambel pedes tapi masih bisa dinikmati. Sayang cuman lauknya agak adem. Tapi offer all puas. Makan berempat cuman habis 120ribuan. Bakal balik lagi kalo ke banyuwangi.
Nasi Tempong Mbok Nah,Indri Lutviani,5,"Nasi Tempong terdiri dari nasi, tempe goreng, tahu goreng, bakwan, ikan asin, bayam rebus, dan sambal yang pedas mungkin ini rujak bayam yaa. Untuk satu porsi 10.000
Ada additional lauk bervariatif, ada udang goreng, ayam goreng, ikan goreng, lele goreng, telur dadar, ati ampela dll. Additional lauk ini harganya beda beda.
Tapi menurut saya nasi Tempong lauk dasar dari bawaannya udah cukup, murah lagi cuma 10.000
Lokasi warung ada di pinggir jalan, tidak ada tempat parkir, jadi kalo bawa mobil agak susah ya, bisa parkir di pinggir jalan raya."
Nasi Tempong Mbok Nah,Anthony Filbert,5,"Ini salah satu nasi tempong favorit di kota! Seharga 24rb aja bisa dapat lauk sebanyak itu (meski nasi cuma 1/2 porsi). Soal rasa, juga medok dan gurih, dipadukan dengan sambal tempong yang bikin keringetan 🤣 cocok! Kalo balik ke kota bakal sempetin ke sini.

IG: anthony_filbert
Tiktok: jalanmakanfoto"
Nasi Tempong Mbok Nah,ANINTESA,5,"Harus sabar antri di sini karena ada beberapa orang yang masih ga ngerti cara antri. Tapi ibu-ibunya tetap mendahului pembeli yang datang duluan. No worries.

Pesan 3 untuk dibungkus totalnya Rp 50.000

Sambelnya ga mengecewakan, sesuai ekspektasi."
Nasi Tempong Mbok Nah,Lala,5,"nasi tempongnya enak, harga affordable, banyak pilihan lauknya, sambalnya kalo aku pribadi sih kurang pedas but overall enak manis, asin, seger dari jeruk limaunya, bisa dine in or take away. untuk dine in tempatnya agak kureng ya apalagi kalo rame. parking areanya di pinggir jalan."
Nasi Tempong Mbok Nah,Putikeswara,5,"Pembayaran tidak bisa non tunai, hanya tunai. Opsinya bisa ambil cash di alfamart dengan jarak 20 meter yaa"
Nasi Tempong Mbok Nah,Samsul Maarif,5,"Mencoba nasi tempong, sambalnya sangat nampoooollll...

Harga perporsinya terjangkau (14-16rb), kalau ke banyuwangi lagi ingin mampir lagi."
Nasi Tempong Mbok Nah,Hairul Anam Yahya,5,"Makaananya jangan ditanya mauntep poll. Sampai nambah lagi. Dan rasa sambelnya seger dan pedes

Untuk tempatnya kesana untuk pertama kali pakai maps kelwatan beberapa meter aja. Soalny ketutupan mobil box"
Nasi Tempong Mbok Nah,Maria Sugiono,5,"Untuk yang suka pedas,  makanan khas Banyywangi dengan pedas yang menyengat ini latak di coba.  Ada banyak pilihan lauk pauk,  sambalbya pedas menyengat,  pelayanan cepat,  lokasi di pubggir jalan sehingga mudah untuk ditemukan.  Rasa enak harga terjangkau."
Nasi Tempong Mbok Nah,Wishnu E. W.,5,"Nasi tempong di sini cukup enak, pas di lidah. Dan memang, ciri khas sambal nasi tempong benar-benar maknyus, nikmat banget.

Untuk menambah selera makan tersedia beberapa macam menu tambahan, seperti ayam, telur, cumi, ikan, dan lain sebagainya."
Nasi Tempong Mbok Nah,Teja Purnama,5,"💵21.000 Nasi Tempong+Udang
💵16.000 Nasi Tempong Biasa

Dapet rekomendasi makanan khas Banyuwangi yang wajib dicoba adalah Nasi Tempong Mbok Nah. Seporsi sudah dapet nasi, sayur, ayam, tempe, tahu, sambel, dan kalau mau nambah lauk juga boleh. Sebagai pecinta pedas, pedas sambelnya pas dan bikin nagih. Mungkin yang kurang adalah ayamnya yang udah dingin jadi agak keras. Tapi overall seporsi sudah oke dan harganya juga sangat terjangkau. Lokasinya di pinggir jalan dan waktu itu agak panas karena siang hari. Thank you"
Nasi Tempong Mbok Nah,Akil Mutawakkil,5,"Enak, porsinya banyak. Harganya lumayan si, tapi karena banyak jadi okelahh"
Nasi Tempong Mbok Nah,Wilman,5,"Mereka menyediakan nasi tempong yang terdiri atas nasi (tentunya), sambal yang khas, sayur rebus, potongan timun, daun kemangi, tahu tempe, dan pilihan lauk yang hampir semuanya gorengan. Lauk yang tersedia saat itu diantaranya adalah telur goreng, sate udang goreng dan ayam goreng.

Tempatnya sederhana, dipinggir jalan utama."
Nasi Tempong Mbok Nah,aiemtry,5,Enak sekali dan murah meriah. Menu lengkap dan tempat duduk tersedia walau tidak banyak. Parkiran di pinggir jalan.
Nasi Tempong Mbok Nah,Ardian Wahyu,5,"Salah satu kuliner yang wajib dicoba ketika datang ke banyuwangi. Tempatnya dekat dengan Bank BNI. Lauknya ada ayam, telur, dan berbagai  macam ikan. Dalam satu porsi nasi tempong itu iainya ada nasi, sayur, sambal, tahu, tempe, ikan asin kecil kecil dan lauk yang tersedia yang dapat dipilih. Untuk rasa sambalnya itu pedas, asin dan masam yang bercampur jadi satu. Jarang bisa menemukan sambal seperti itu. Rasa yang nagih buat pingin balik kembali. Tempatnya juga luas, banyak tempat duduknya jadi gak kebingungan untuk mwncari tempat duduk untuk makan."
Nasi Tempong Mbok Nah,Jaya Laksana,5,"+ nasi tempong yg enaaaaak ..
+ porsinyaa banyaak 😂
+ jenis lauknya buanyaaak
+ lokasi di pinggir jalan gampang di cari ..
- klo bawa mobil , parkir agak susah"
Nasi Tempong Mbok Nah,Fatati Nuryana,4,"Harga murah meriah, variasi tambahan lauk disamping lauk utama yang dipesan banyak, pelengkap sayurnya enak, dan yang pasti sambalnya mantap"
Nasi Tempong Mbok Nah,melisa mailoa,4,"Makanan favoritnya warga lokal Banyuwangi. Walaupun ngantri tapi servicenya cepat. Tinggal tunjuk mau pakai pilihan lauk apa aja. Ada ikan lele, udang, ayam, telor dll. Rasa sambal tempongnya emang enak banget dan nggak pelit. Harga satu porsi nasi tempong pakai telur dadar cuma Rp11k.

Sayang kebersihan tempat dan alat makan kurang terjaga. Sama kalau bisa pas nyendok sayur jangan pakai tangan, minimal pakai sarung tangan plastik supaya lebih higienis."
Nasi Tempong Mbok Nah,Endys Normala Paramasita,4,"Slalu jadi tempat favorit. Makan 3 porsi lauk telur (2), atirempelo (1 ngga kefoto) tambah lele aja 1, es teh 3 total 51. Murah dan sambelnya enak bangeet. sambelnya dadakan dan lebih berair beda sama warung lain. Jadi lebih menggugah selera."
Nasi Tempong Mbok Nah,heri noya,4,"Nyobain sego Tempong yang cukup legendaris di Kab. Banyuwangi, akhirnya sempat juga mampir di warung ini. Kesan pertama sangat oke, dilihat dari banyaknya motor parkir dan pengunjung diwarung ini. Lauk makannya sangat lengkap, ada telur dadar, ayam, lele, udang dll. Pendampingnya ada dadar jagung, tempe goreng dan sayur rebus plus sambal terasi yang cukup pedas. Overall puas ..... 😋"
Nasi Tempong Mbok Nah,Tommy 2ndACE,2,"Harga normal2 saja, pelayanan bagus, rasa nya kurang, sdh beda jauh dgn yang dulu. sambel nya sering sekali keasinan"
Nasi Tempong Mbok Nah,Fanny Faizah,5,"Salah satu menu wajib yang harus dicoba kalau ke Banyuwangi: Nasi Tempong. Harga murah meriah, harga mahasiswa. Porsi besar, dijamin kenyang banget. Lokasi di pinggir jalan. Lakunya enak, sambelnya pedes. Mantap lah pokoknya 😍✨️"
Nasi Tempong Mbok Nah,Kang Ebes,5,"sambal tempongnya mantap, lauk bervariasi, pelayanan cepat
beruntung datang sebelum jam makan siang krn waktu makan siang antrinya lumayan"
Nasi Tempong Mbok Nah,Yuyun Tri,5,"Moment ngemper yg paling yummy bangedh.
Aseli recomended banget siy ini..
Sambelnya enak pol nampol. Kombinasi asam, manis, pedas.. weeeenak pokoke..
Varian lauknya juga juara banget rasanya kecuali ikan asinnya yg kureng.

Yg lagi main ke banyuwangi wajib banget nyobain nasi tempong mbok nah ini. Telur crispynya apalagi.. huwaaahhh juara ituuu.

Tapi warung mbok nah ini mulai buka jam 15.00 WIB ya gaes ya.."
Nasi Tempong Mbok Nah,Dian Meitiash,4,"Lokasinya di kota dan di depan toko apple store.
Yang enak disini sambalnya josss.
Nasi Tempong khas Banyuwangi cucok buat yang lagi lafarr.
Parkiran hanya ada di tepian jalan."
Nasi Tempong Mbok Nah,ningida,5,"Sego sambel khas Banyuwangi. Kalau di Surabaya seperti Mak Yeye. Atau di Sidoarjo seperti Sego Sambel Mak Siti. Lokasi di kota. Gampang diakses. Menunya sudah ready. Tinggal bilang aja mau lauk apa. Ada ayam goreng, udang goreng, telur dadar, ikan mukair, ikan kembung, dan lele. Seporsi disajikan dg rebusan daun ubi, timun, kemangi, terong goreng, ikan asin, tempe, tahu dan sambal tomat mentah. Sambalnya pedes poll. Sedep dan pedes. Nasinya panas. Jadi bikin keringetan. Ada es teh, air mineral, dan temulawak. Dua porsi nasi dg lauk dan udang. Dan dua porsi minuman 47k. Cukup terjangkau."
Nasi Tempong Mbok Nah,Ika Mura Riskita,5,"Iseng² nyari di tiktok akhirnya ketemu Nasi Tembong Mbok Nah ini langsung jatuh hati. Makanannya wenakkk bgt apalagi pedesnya mantap polll. Next kalo main ke Banyuwangi lagi bakalan mampir. Rekomen bgt,"
Nasi Tempong Mbok Nah,Retno DL,5,Recomended.. murah meriah.. penjualnya ramah²..
Nasi Tempong Mbok Nah,Kun R,5,"Enaak! Rasa pedas sambalnya pas, tidak overwhelm. Pilihan lauknya juga banyak, mulai dari ayam, telur dadar, ikan, udang, paru, dll. Nasi tempong paling enak di Banyuwangi."
Nasi Tempong Mbok Nah,Wendrari Adventurous,2,"Porsinya banyak tapi rasanya biasa saja. Telur dadar krispinya gak berasa krispi, alot. Minuman jeruk hangatnya hanya jeruk nipis yg tidak berasa asam. Makannya di meja panjang & kursi kayu panjang. Anehnya rame & penuh yg makan."
Nasi Tempong Mbok Nah,yosi asmara,5,Baru pertama kali ke banyuwang..coba nasi tempong ini. Enakkk dan murah
Nasi Tempong Mbok Nah,alifiera putri afifah,5,"Nasi tempong pakek telur harganya cuman 11 ribu plus jeruk anget 4 ribu, ya bolehlah harganya masih terjangkau 😁"
Nasi Tempong Mbok Nah,Azzia Bunga,5,"Rasanya juara,
Karena yang makan banyak jadi nunggu tempat dulu.
Better ada tambahan orang khusus untuk helper min. Jadi piring bekas makan tidak dikerubuti serangga."
Nasi Tempong Mbok Nah,swan 1803,5,"Lokasi strategis pinggir jalan.. Makanan enak, murah, banyak varian… pelayanan juga ramah.. recomended"
Nasi Tempong Mbok Nah,Agus Sunaryo,4,"Bintang 3 bukan karena gak enak atau yg lain, menurut saya lauknya cukup sederhana cuma mungkin sambalnya yg jdi penarik org mkn disini, harga murah, tempat biasa saja, pelanggan banyaaakk."
Nasi Tempong Mbok Nah,rami aja,5,"Nasi tempong worth it...murah, rasa enak
Andai tempat lebih bersih dan memadai, mungkin lebih baik"
Nasi Tempong Mbok Nah,Mrs Rania,4,"Nasi tempong itu khas kota Banyuwangi hampir sama seperti penyetan atau Sego sambel. Kalau nasi tempong untuk lalapannya memakai sayur bayam yang sudah direbus kemudian disiram sambalnya.
Sambalnya mantap dan pedas. Harga murah,saya pesan telur dan ayam hanya habis 33k sudah termasuk es teh.
Lokasi cukup strategis ditengah kota."
Nasi Tempong Mbok Nah,zidni am,5,"Murah dan enak 👍
Nasi tempong merupakan makanan khas banyuwangi berupa nasi putih, lauk (tahu, tempe, ayam, ikan sesuai selera), sayur lalapan, dan sambal yang hot. Cuma sayang tempatnya agak kurang bersih, semoga kedepannya tempatnya lebih nyaman lagi 😀 biar makin mantappp …"
Nasi Tempong Mbok Nah,Anindita Oktari,5,"Sampe lupa foto makananya. Datang kesini pas weekday jadi gak terlalu rame, makannya enak apalagi sambelnya pedes banget. Rekomen buat pecinta sego sambel aliran pedashh"
Nasi Tempong Mbok Nah,Ayu Acc Malang,5,"Endesss pedes.. masih seperti yg dulu.. enak Mbok Nah.. pake tahu tempe dadar jagung. Ayam . Rempelo  ati.telor dadar. Sayurnya seger.. enak.. ijo dan krentus krentus labu Siam nya..  ada sayur bayam dan sayur selada Aer.  Terutama saat ikan asin nya.  Pol  . Pulang kampung kesini lagi a.. saking pedees,,,, es teh nya abis 3 gelas..mbok Nah mongah2 .."
Nasi Tempong Mbok Nah,Firzi Ramadhan,5,"Lauknya lengkap mulai dari lalapan, tahu tempe, ikan asin dan tambahan lauk Pepes tongkol dan telur dadarnya mantap dan yang paling saya suka Sambalnya wuenakk polll, harganya sangat terjangkau"
Nasi Tempong Mbok Nah,M. Zaid Shah Alam,5,"Tempat makan nasi tempong yang menurut saya enak dan sesuai dengan kantong , tapi kalau dari saya sendiri yang saya suka telur dadarnya, dengan rasa nya yang enak. atau mau pilihan lauk lain ada ayam yang lumayan besar potongan nya atau lauk lain seperti ikan udang sotong dan lain sebagainya"
Nasi Tempong Mbok Nah,Tri,5,Salah satu tempat penjual Makanan khas Banyuwangi yang bisa dinikmati dari pagi sampai malam. Ibu-ibu penjualnya sangat ramah. porsi juga cukup besar. Untuk rasa menurutku juga cukup enak apalagi untuk telur dadarnya cukup temting meskipun sedikit greasy. Tempat ini sangat cocok untuk casual dining. Apabila ingin tempat yang lebih fancy bisa mengunjungi satunya. Secara personal saya memilih mengunjungi yang ini karena rekomendasi salah satu teman yang asli Banyuwangi nasi tempong mbok Nah rasanya lebih autentik.
Nasi Tempong Mbok Nah,cornelia diyah,5,"Makan 2 orang 1 ayam, 1udang,1 jeroan+es teh+teh anget Rp 45.000 porsi jumbo menurut perut q. kenyang. Sambelnya biasa aja ga begitu pedes untuk lidah q ya guys."
Nasi Tempong Mbok Nah,Agung Dedy,5,Kesini karena google reviewnya banyak. Makannya enak sambelnya gak terlalu pedes. Harganya yang oke banget untuk tempong komplit
Nasi Tempong Mbok Nah,Siti Jamiyah,5,Tujuan akhir jika bingung mau makan apa atau klo lagi kurang selera makan pasti NASI TEMPONG MBOK NAH Tujuan akhirnya secinta itu lauk nya lengkap bisa milih sepuasnya sampai malem juga bukanya dan harganya murah meriah dapet banyak poll nasinya pokok di jamin bikin kenyang😍😍
Nasi Tempong Mbok Nah,Endra Wae,2,"Saya Membeli lauk tanpa nasi, pelayan staffnya langsung cuek & sayur tidak Diberi. Semoga kedepannya diperbolehkan membeli lauk tanpa nasi"
Nasi Tempong Mbok Nah,Vella Okta,4,"Nasi Tempong khas Banyuwangi yang sambelnya mantep dengan banyak banget pilihan lauk tambahan. Satu porsi udah termasuk tempe, tahu, perkedel, ikan asin sama rebusan bayam. Tertarik sama telur dadar gimbalnya, tapi ternyata berminyak banget."
Nasi Tempong Mbok Nah,SANDFISH,5,"Sangat skena, seperi namanya mbok nah. Lumayan pedas bagi orang yang biasa makan sambal"
Nasi Tempong Mbok Nah,Cindy Alverina,5,Enak banget.. The best
Nasi Tempong Mbok Nah,Mas Bro,5,"Saya ingin kasih bintang 1 semua, tapi ga baik nutup rejeki org, semoga pelayanan dan kebersihannya ditingkatkan, ke sana buat beli bukan minta"
Nasi Tempong Mbok Nah,Farrell Oliver,5,"Harganya ga konsisten, yg murah mah murah yg mahal malah kemahalan, pdhl menunya ga bda jauh"
Nasi Tempong Mbok Nah,Elif Murniasih,5,"Pertama kali coba nasi tempong d Banyuwangi, kata orang Banyuwangi sendiri biasa tapi menurutku bagi yg pertama coba enak.... Lauknya banyak pilihan, cumi, udang, telor dadar keriting, ayam, rempelo hati, ikan goreng, dll.... Sambelnya maknyos pedes
Cuma kalau makan d dalam agak panas, deket trotoar baru mayan seger"
Nasi Tempong Mbok Nah,Khukuh A. Yuda,5,"Akhirnya setelah sekian tahun berlalu, bisa kembali menikmati tamparan Sego Tempong Mbok Nah. Alhamdulillah.

Bernostalgia, mengingat kembali saat saya dinas kerja di Banyuwangi. Sego tempong ini salah satu yang menjadi penyebab berat badan naik 10 kg selama di kota ini. Puas banget menikmati topping yang biasa saya pesan, telur dadar dan udang tusuk. Biasanya, kalo order lewat gojek, saya minta sambalnya 2. Kalo makan di tempat, siraman sambel 1 sendok saja sudah cukup.

Buat kamu yang doyan pedes, harus banget cobain Sego Tempong Mbok Nah ini. Tapi ajaibnya, pedesnya ga akan nempel lama di mulut, tapi entah ya kalo nantinya harus diekstrak di perut, buat yang ga terlalu tahan, pasti agak mules.

Yang baru pertama kali ke Banyuwangi dan pingin cobain nasi tempong, cuss deh cobain ke sini. Dijamin nagih!"
Nasi Tempong Mbok Nah,Henry Bangun,5,Cukup rame tapi penjual tetap ramah pas melayani. Porsinya banyak dan harga sopan di kantong. Pilihan lauk cukup variatif. Rekomendasi telor dadarnya. Kalo ke banyuwangi wajib nyoba kesini 👌🏼
Nasi Tempong Mbok Nah,Rizal Afendi,5,Setiap kali ke Banyuwangi pasti kesini karena rasanya konsisten dan makanan selalu fresh. Wenak poll
Nasi Tempong Mbok Nah,Ridho Ismail,4,"Ayamnya tebel banget dominan gurih ketambah asin dari ikan asinnya. Terus sayurnya seger banget sangat refreshing tapi sambelnya pedes banget tapi masih bisa ditolerir. Parkirnya kalau pakai mobil agak susah, kalau jam makan siang agak ramai."
Nasi Tempong Mbok Nah,Maulindawaty Husain,4,"Pergi ke sini karena warung sebelah yg viral sdh banyak komen miringnya, alhamdulillah yg disini makanannya bersih, ga ada lalat di tempat makanan dipajang, ya secara sambel lumayan pedesnya..lauknya macem2, tempat makannya gak begitu besar..lokasi pinggir jalan, antrinya gak begitu lama, ibu nya sat set kok, makan 2 lauk udang & telor + es teh = 27.000"
Nasi Tempong Mbok Nah,Elysa Wu,5,"Nasi tempong yg termasuk murah, tapi pilihannya ngak yg terlalu banyak banget ya.
Dy ud dpt sayur, tahu, tempe, bakwan jagung, ikan asin, sambel, tinggal tambah mau lauk apa.
Tadi makan tambah pepes tongkol jadi 16rb sajahh.
(Agustus 2023)"
Nasi Tempong Mbok Nah,Nilam Cahya,4,"Kalau kata orang Banyuwangi maah... Ini langganan nya anak anak.
Tapi kalau kataku ini mah enak, sambel nya pas. Gak pelit dan gak pedes banget.
Menu favorit aku adalah udang dan rempelo atinya, the best pokok."
Nasi Tempong Mbok Nah,siska chin,3,"Biasa aja , masih enak pak agus.. dan lebih bersih.. disini ambe2 smua pake tangan . Begitu liat sbnrnya uda ga selera makan.. 😅😅 zaman skrg kok msh ada yg ga pake srg tangan atau jepitan ya. Ada baiknya lbh bersih lagi …"
Nasi Tempong Mbok Nah,Buma Dika,4,"Nasi tempong yang bersaing dengan mbok Wah. Kalau disini seporsi nasi tempong isinya nasi, bayam rebus, kul, sawi rebus, timun,  kemangi, tempe goreng, tahu goreng, ikan asin, bakwan jagung, sambal terasi, dan lauk pilihan. Emang lebih …"
Nasi Tempong Mbok Nah,ono bangun,5,"Bagi mereka yang pernah berkunjung ke Banyuwangi, Jawa Timur akan kurang afdol jika tidak mencoba kuliner khas Banyuwangi.
Nah, salah tempat yang wajib dikunjungi adalah nasi tempong mbak Nah. Sambal …"
Nasi Tempong Mbok Nah,Steven Antonius,5,"Makan ber3 cm 67rb, sudah nasi tempong lengkap 2, udang, telur 2, ikan laut,sama lele,rasa sambalnya pedas mantab, enk smua mknannya."
Nasi Tempong Mbok Nah,Ariv Mj,5,"Tempat ini makin lama makin keren aja, harganya juga tetap murah. Dulu pertama kali kesini pas tahun 2015an, diajak temen dan langsung ketagihan sama makanan disini. …"
Nasi Tempong Mbok Nah,Mochamad Maulana Santoso,5,"Makanannya enak, harga juga tidak mahal, bisa makan di dalam atau diluar ruangan.
Pilihan lauk banyak."
Nasi Tempong Mbok Nah,Stefanus Aldi,5,"First time cobain Nasi Tempong, banyak rekomendasi dari teman2, tapi memutuskan utk ke Mbok Nah. …"
Nasi Tempong Mbok Nah,alfons hartono,5,"Ini adalah salah satu Nasi tempong favorit saya di Banyuwangi!!!
Menurut saya pribadi ini yang juara 1 hehehehe.
Menu lauk yang cukup variatif mulai dari ikan laut, ayam, lele, dan telur dadar. …"
Nasi Tempong Mbok Nah,salma zakiyah,4,"enak, porsi banyak, dan harga terjangkau. bagi yg kurang doyan pedas lebih baik minta kalau sambalnya sedikit saja. tempatnya juga mudah dicari"
Nasi Tempong Mbok Nah,Aulia Putri Gandari,5,"Enak banget, ikannya garing dan gurih. Wise price untuk rasa yang pengen balik lagi!!"
Nasi Tempong Mbok Nah,Wisa Widjanarko,5,"📍Mudah dijangkau dan ditemukan
💲Harga ramah dikantong
🍚 Varian lauk beragam, sambalnyaa endul bangeet 💗 …"
Nasi Tempong Mbok Nah,Stefanus Aldi,5,"First time cobain Nasi Tempong, banyak rekomendasi dari teman2, tapi memutuskan utk ke Mbok Nah.

Dan enak banget, sambalnya pedes tapi gk pedes yg kebas, ok buat saya.

Suasana nya ada indoor dan outdoor (teras) sejuk, cuma yg indoor panas

Parkir motor di pinggir jalan, kalo mobil mungkin bisa nitip di ruko2 sekitar (?)"
Nasi Tempong Mbok Nah,Fadilla Nur Khoiriyah,5,Puedes puoll sambel tempongnya. Untung rasa berasa kek masakan rumahan (ibu) jadi wajib di coba guys
Nasi Tempong Mbok Nah,Hana Isnaini,4,"Nasi tempongnya lengkap dan banyak variasi. Letaknya sebelah jalan raya jadi tidak terdapat tempat parkir, namun bisa parkir dipinggir jalan raya karena tidak terlalu padat.

Untuk harga lumayan terjangkau. Namun telur gorengnya terlalu garing sehingga tidak berasa telur. Sambalnya juara."
Nasi Tempong Mbok Nah,Rudi Hartono Salim,3,"Lha... ini salah satu makanan khas banyuwangi...
Buat penyuka makanan pedes nasi tempong mbok nah ini recommended banget..
Pedes sambelnya nampol tenan..
Ada juga varian lauk tambahan.
Jadi bisa buat nambahin selera makan.

Warungnya sederhana.
Harga bersahabat.
Harus cobain kalo sobat ada deket daerah sini."
Nasi Tempong Mbok Nah,Novi Kristina Aris Sandi,5,"Slh satu warung sego tempong favorit para natives sm turis lokal dsna yg enk bgt dan harga terjangkau, pilihan lauk bnyk dr ayam, ikan smpe gorengan, pilih satu lauk aja udh ckp krna di dlm satu piring udh dpt beberapa lauk tmbahan kyk dadar jagung, tahu, tempe sm ikan asin plus lalapan sm sambelnya"
Nasi Tempong Mbok Nah,Andieka Almas,5,Kalau ke Banyuwangi wajib ke sini. Harga makanan plus minum seporsi kurang dari 20K. Rasanya lauknya cukup enak dan sambalnya benar-benar nempong (nampol)
Nasi Tempong Mbok Nah,retno pusalia,3,"Sego tempong khas Banyuwangi enak, namun ada beberapa hal yg perlu untuk diperbaiki seperti : makanan terutama sambalnya yang kurang konsisten, kadang enak kadang sangat asin sekali, padahal sambal adalah komponen yg sangat penting dalam pertempongan.

Layanan : karyawan ramah, namun perlu diperbaiki karena ada beberapa karyawan yg terkesan jutek

Suasana: perlu ditingkatkan utamanya masalah kebersihan sehingga membuat konsumen nyaman."
Nasi Tempong Mbok Nah,Irawan Prayoga,4,"Pertama kali ke Banyuwangi makan nasi tempong, ternyata modelnya mirip sama nasi pecel sebenarnya. Sambel dan sayurannya enak. Ayam gorengnya juga oke. Sangat direkomendasikan untuk yang lagi nyari menu tradisional Banyuwangi."
Nasi Tempong Mbok Nah,Rudy Hermawan,5,"Sensasi warung tradisional dgn rasa cukup nikmat, cucok buat maksi
Note: toilet cuma utk BAK ya"
Nasi Tempong Mbok Nah,Muhammad Firdaus Rahmatullah,5,"Tempat ini merupakan warung nasi tempong Mbok Nah. Terletak di Jalan Kolonel Sugiono, Banyuwangi. Menyediakan nasi tempong dengan beraneka lauk dan minuman. Porsi pas. Sambalnya mantap. Harga terjangkau."
Nasi Tempong Mbok Nah,Awi Awichan,1,"Tidak sesusai ekspektasi, lebih enak mbok wah , cape antrinya g jelas, yg belakangan dikasi dluan, yg dluan dikasi belakangan, pokoknya mau dapet dluan harus nyerobot . Rasanya hambar dari ayam lele hati dan juga sambelnya hambar tidak sepedas tempong lain nya.cmn nilai plusnya hanya menang murah aja"
Nasi Tempong Mbok Nah,Dewi Anggi Priyani,5,"Baru nyobain nasi tempong dan enak, sambalnya mantap, lokasi dipinggir jalan banget jadi rame, mana kendaraan yang melintas kencang-kencang banget pula"
Nasi Tempong Mbok Nah,Arantika Dwi Fibriana,3,"Aku pikir nasi tempong tuh nasi lauk tempong ayam. Ternyata nasi dengan berbagai lauk, ada udang, berbagai macam ikan, ikan, ayam, tahu, tempe, telur dan lain-lain. Rasanya biasanya aja, porsinya banyak. Tapi tempatnya agak kotor, waktu makan sambil mikir ini makanan ngolahnya gimana ya, bersih gak ya."
Nasi Tempong Mbok Nah,diana pertiwi,5,"kalo beli nya pagi sekitar jam 10 gitu masih agak sepi , jadi gak terlalu antri ,
selalu mampir sini kalo pas mudik ke bwi"
Nasi Tempong Mbok Nah,Kiki Wahyuningsih,5,"Pilihan menu lauk banyak, sambelnya pedes mantap, harga standart"
Nasi Tempong Mbok Nah,Andhi Rahman,5,"Lezat, beda dengan nasi tempong lainnya, ditempat ini sambelnya gak pedas banget"
Nasi Tempong Mbok Nah,Santy Julia,5,"Kuliner khas Banyuwangi yg jadi pilihan saat berkunjung di Banyuwangi, rasa nya enak bgt, murah meriah, porsi jumbo pokok nya penikmat pedas cocok deh, paling enak di makan menggunakan tangan"
Nasi Tempong Mbok Nah,Theo Napitupulu,4,"main ke banyuwangi tak lengkap bila belum menyantap nasi tempong. ini salah satu favorit saya, rasa sambelnya enak dan pedesssss nendang, meski sedikit downgrade dari beberapa tahun lalu. harganya murah, dan rasanya ah mantap. lauknya pun banyak. hanya saja tempatnya sedikit kotor."
Nasi Tempong Mbok Nah,Ichmi Rianggi U K,5,"Nasi tempong favorit kalau ke banyuwangi, sambelnya nendang, lauk tahu, dadar jagung, ikan asinnya selalu dikasih banyak, sayurannya melimpah. Biasanya hanya pesen yang nasi tempong biasa, sudah sangat kenyang sekali, harga mulai dari Rp 8.000;
Juga menyediakan lauk ikan yang lain seperti pepes, ikan laut goreng, telur, ayam, udangnya gede-gede, dan masih banyak ikan yang lainnya. Harganya gak sampe nambah Rp 10.000 untuk tambahan ikannya."
Nasi Tempong Mbok Nah,Ayu Susmhita,5,"Nasi Tempong asli khas Banyuwangi, porsinya pas dan rasa pedesnya pas buat pencinta kuliner pedas. Harus mampir buat yang wisata ke Banyuwangi, ada mas-mas yang nyanyi juga disana kaya life music gitu 😅😅 …"
Nasi Tempong Mbok Nah,Travelonistic,3,"Lokasi pinggir jalan, makanan rasanya masih perlu ditingkatkan, makan siang lauknya berasa digoreng pagi jadi agak kurang fresh, jeruk angetnya berasa kurang asem,  parkir mobil pinggiran jalan."
Nasi Tempong Mbok Nah,Anggara Pradnya W,5,"Meskipun kadang ada beberapa orang yang nyerobot antrian, tapi nasi tempong di sini emang enak sihhh"
Nasi Tempong Mbok Nah,Rya San,5,"Nasi tempong yang jauh lebih enak dari nasi tempong Mbok W**. Etasale lauknya bersih, tidak ada lalat hijau yg masuk satupun. Sambalnya jauh lebih enak, berasa asin manisnya. Nasi tempong lauk telur, ati rempela, udang, usus 31rb, nambah sambal tempongan 3rb.Bungkus tempongannya aja lauk dadar, udang, ati rempela 36rb"
Nasi Tempong Mbok Nah,MT “MT”,5,mampir ke sini karena mbok Wah tutup. Ternyata masakannya enak juga. ada pilihan menu yg beragam. paket sego temponge udah default lengkap. lokasi pas di pinggir jalan.
Nasi Tempong Mbok Nah,Rissa Churria (Ummi Rissa),5,"Nasi Tempong Mbok Nah terletak di jalan Kolonel Sugiono.
Rasa sambal tempongya mmmm dahsyat sekali.  Enak banget.  Menyediakan menu tempong yang lengkap.  Pepes tongkol yang khas Banyuwangi pun ada.  Ikan asin, tahu tempe,  gimbal jagung. Kuluban mateng macam macam.  Eh bahkan ikan lele goreng juga ada di sini.  Kalau ke Banyuwangi gak nyoba nasi tempong mbok Nah. Anda pasti rugi lho!!
Murah meriah harganya. Rasanya dahsyat sempurna.  T. O. P deh!!"
Nasi Tempong Mbok Nah,Dwi Nopa,5,Total 21.000 sama es teh
Nasi Tempong Mbok Nah,Doyan LomboK,5,"Recomen bangettt bangettt ...
Saking enaknyaa smpai nambah dooonk 🤭🤭
Ini sayurnya knp bisa manis gitu yaa , jadi agak eneqq klo gk di banyakin sambal / di kunyah bareng ikan asinnya ...
Kelupaan mau psen waderr 🤦🏻‍♀️🤦🏻‍♀️ krna terpesona liat komenan sruh nyoba telor kribonya 😁😁 xixixi"
Nasi Tempong Mbok Nah,Aditya Sakti,5,"Nasi Tempong legend di Banyuwangi. Sambalnya mantap. Banyak pilihan lauk, mulai dari ayam goreng, telor dan berbagai macam ikan laut"
Nasi Tempong Mbok Nah,Lintang Xander,5,"One of the best nasi rempong in town, affordable dan pelayanan nya baik, will definitely come back!"
Nasi Tempong Mbok Nah,Cindy Rosania K,5,"tempat di pinggir jalan, gampang dicari. menunya beragam, sambelnya enak dan murah"
Nasi Tempong Mbok Nah,Footnotetraveler Aldi SP,5,"Salah satu kuliner khas Banyuwangi dengan sensasi pedas tingkat jebol, namanya nasi Tempong Super Pedas ""mbok Nah""
Kuliner wajib di coba jika berkunjung ke kota banyuwangi. …"
Nasi Tempong Mbok Nah,Eva Variana,4,Enak langganan dri jaman sekolah.. Cuma makin kesini pelayanannya kurang ramah.. Masih ramah mbok nah sendiri orangnya ramah.  Yg kasirnya g pernah senyum.. Cuma tertutup rasanya yg legend jd ya abaikan aja yg g ramah
Nasi Tempong Mbok Nah,dewi nur fauziah,3,Gag kayak dulu ..pelayanan kasirnya judes gag ada ramahnya sama sekali ...sbenarnya dulu langganan sekarang ogah kesana lagi
Nasi Tempong Mbok Nah,Fitrianah Kris,5,"Makanannya enak, sambelnya nagih, seger, mantep.
Pengen balik lg 👍👍"
Nasi Tempong Mbok Nah,Nindy Alvif,4,"Enak, lauknya enak semua, sambel pedes tp nikmat, parkir bisa, harga boleh lah. Porsinya banyakkkk"
Nasi Tempong Mbok Nah,Arin Kalila,5,"Sehabis nanjak ijen, trus ke baluran malamnya makan Nasi Tempong mbok Nah nikmatnya luar biasa. Kami ditemani driver lokal yg kami rental yg kebetulan kenal dengan pemilik. Lumayan ramai dan antri. Jd kami sebutin aja mau lauk apa aja, duduk manis dan bayar di meja. Sambalnya dari buah ranti khas banyuwangi. Mantab."
Nasi Tempong Mbok Nah,raga wijaya,5,"Makanan enak, Harga Murah, Rame full, pinggir jalan.. kesukitan lahan parkir"
Nasi Tempong Mbok Nah,dr. Nur Aini,2,"Dulu bener2 pedas segar yg enak bangettt..pelayanan super ramah..
Skarang kok berubah banget 😭 g pedas n lbh manis plus pelayanan super jutek..
Smoga bs dperbaiki..klo uda viral smoga bs jaga konsisten rasa..syg aja klo pelanggan lama jd banyak yg kecewa …"
Nasi Tempong Mbok Nah,Ardy Kurniawan Parjono (Jono),5,"Harganya murah bangeeet. Untuk harga segini, rasanya bolehlah meskipun tempat makannya kurang nyaman. Mungkin kalo udah rame bisa dipertimbangkan untuk di renovasi, saran aja"
Nasi Tempong Mbok Nah,Fadhilah Hilmi,5,"Warung nasi tempong yang katanya terkenal di Banyuwangi. Letaknya berada di pusat kota. Isiannya lengkap, mulai dari sayuran dan lauk pauk seperti tahu, tempe, bakwan jagung, telor dadar, ayam, dan beberapa lauk lainnya. Makan dengan porsi besar ditambah segelas es teh manis hanya perlu mengeluarkan uang Rp15.000"
Nasi Tempong Mbok Nah,desy linasari,5,"Enak, porsinya besar jadi kmrn ga habis udah kekenyangan. Pelayanannya ramah, makanan enak. Lupa foto 🤭 k buka puasa jd keburu lapeeeer …"
Nasi Tempong Mbok Nah,Fiqi Nur,4,"Mantap, cuma kurang pedes jdi kurang nempong. Tapi mantap lah karena tinglat pedes itu selera. Kalo ke Banyuwangi jangan sampai lewat"
Nasi Tempong Mbok Nah,emha diambang ramadhany,5,"Telur gorengnya garing, sambelnya bukan yg diulek dadakan gitu tapi tetep terasa rasa tempong aslinya dan pedasnya pas bukan tipe pedas Jontor gitu meskipun bisa handle, tapi lebih suka pedas yang balance"
Nasi Tempong Mbok Nah,Segunda Azarya,5,"Rasa lumayan, harga murah.
Untuk yg gak kuat pedas, cocok kesini karena sambelnya gak terlalu pedas"
Nasi Tempong Mbok Nah,yosi almanar,3,"Telur dadarnya renyah👍🏻
Sambal tempongnya rasa dan aromanya mirip² dengan sambal pelecing / beberok dari lombok"
Nasi Tempong Mbok Nah,Dewi Poltekpel Sby,4,"Ramai pengunjung, yang namanya makanan memang soal selera"
Nasi Tempong Mbok Nah,Irwan Kurnia,5,"Enak, lauknya banyak banget variasi, kalo sempet ke banyuwangi lagi pasti mampir sini"
Nasi Tempong Mbok Nah,Jovanka Doreen Chrishelda,4,"Nasi tempong yang selalu saya kunjungi setiap ke Banyuwangi, sayang waktu ke sana rasa sambalnya sedikit berbeda seperti sebelumnya, lauknya enak seperti biasa 👍👍"
Nasi Tempong Mbok Nah,Yeny Maria,5,"Enak banget .  Bbrp pilihan makanan kebanyakan gorengan. Ayam ati ampela tahu tempe bakwan jagung.
Kalau di Bayuwangi wajib makan tempong."
Nasi Tempong Mbok Nah,Adhitya Szezhar,5,"Juooossss tenan pkoke....
Sambalnya pedas dan racikannya pass smua....
Sayur banyak dan memuaskan.....
Lauk pauk Banyak pilihan...
Tinggal pilih...
Mau ayam... Jerohan.... Telur... Tahu tempe... Gimbal jagung.... Ikan ikan jg bnyk macamnya.....
Kalau habis makan di sini di pastikan keringetan... Karena sensasi pedasnya....
Selalu rame...
Antri.... Tapi ndak lama...
Karena pelayanan yg cepat...
Lokasi dalam kota dan mudah di temukan di pinggir jalan besar...
Cuman parkiran mobil agak susah...
Tp gak masalah....
Yg penting rasanya mantul...."
Nasi Tempong Mbok Nah,Oktaviana,4,"Sebelum kenal mbok wah, saya kenal nasi tempong dari mbok nah ini, lauknya banyak sambel pedes tapi masih bisa diajak damai sama lidah, mantap"
Nasi Tempong Mbok Nah,Zulfikar Aleksandri,5,"Nasi tempong favorit di area kota Banyuwangi. Sambalnya pedas mantab. Lokasi strategis, tempat bersih dan menerapkan protokol kesehatan."
Nasi Tempong Mbok Nah,Hari Harijanto,5,"Nasi tempong plg sipp yg pernah saya makan, istimewa sambelnya top markotop. Pemiliknya juga ramah. Saya minta tambah sambal kebetulan sambelnya yg baru blm selesai di ulek..jd di minta tunggu sebentar..ehh blm 5 mnt sambel satu piring kecil di antar ke meja..sangat epresiate deh..😄😄😄 …"
Nasi Tempong Mbok Nah,Diah Ayu Purnama Sari,5,"Nasi tempong yanh aku pengen balik
Lagi. Aku pesen nasi tempong lauk telur dadar dan pepes tongkol cuma 17k aja udah kenyang. Ini enak banget ga boong yuk kesini aja deh."
Nasi Tempong Mbok Nah,Gustav Subagio,5,Warung yang selalu ramai tiap malam. Masakan khas tradisional Banyuwangi yg berlokasi di Jl. Kol. Sugiono 6 Banyuwangi ini saya rekomendasikan untuk dikunjungi saat makan malam di Banyuwangi..
Nasi Tempong Mbok Nah,Joko Supriyono,5,"Ah, ini nih namanya ditempong sama nasi. Hahaha. Harganya segini dapat makan segitu, Alhamdulillah bangeet."
Nasi Tempong Mbok Nah,Amalia Handayani,5,"Mau makan pesannya antri yg lumayan, tapi sesuai dengan rasa dan harga yg murah…nasi tempong yg enak"
Nasi Tempong Mbok Nah,Made Wirahadi P.,5,"Makanan yg sesuai selera, serta pelayanannya yg ramah. Mantap pokok e."
Nasi Tempong Mbok Nah,aku saya,4,"Tempat makan sederhana dengan harga yang sangat terjangkau. Tentunya dengan cita rasa masakan yang menggugah selera. Sangat disarankan bagi para pecinta kuliner bercita rasa pedas. Sesuai dengan namanya ""nasi tempong"", pedesnya bener-bener nampol 👍
Buat yang gak suka pedas, tetap bisa menikmati makanan disana. Karena bukan cuma sambalnya yang menjadi primadona, tetapi lauk pauknya juga sangat menggugah selera.
Bagi para pengunjung yang berasal dari luar Banyuwangi mungkin perlu sedikit teliti untuk menemukan tempat makan ini, karena memang terlihat sangat sederhana dan tanpa adanya papan nama yang terpampang besar di pinggir jalan."
Nasi Tempong Mbok Nah,Roro Pergiwo,4,"Nasi tempong dengan menu standarnya ada nasi, sayur, tempe, tahu, dan lauknya bisa pilih ada ayam goreng, ikan goreng, babat, usus, dan sebagainya.
Sambal : 4/5 bagi yang suka pedas mungkin bisa jadi 5/5
lokasi : 4/5 mudah dicapai
tempat : 3/5
lauk : 4,5/5"
Nasi Tempong Mbok Nah,Mayadewi Is,5,"Enak banget buat yg suka pedas. Suka pepes potongan ikan tongkolnya, bakwan jagungnya, dan sayuran rebusnya...JUARA!"
Nasi Tempong Mbok Nah,Dicky Arimbawa,5,"Makanan rumahan yang sangat sederhana namun uenaakk, sambal, sayur, pilihan lauk beragam. Harganya juga tergolong ramah dikantong. Pelayanancepat walau rame poll."
Nasi Tempong Mbok Nah,Amalia W.,5,"porsinya besar, beli nasi telur dadar dapet lauk tahu tempe sayur dan sambal juga (sambalnya agak asem) harganya juga murah"
Nasi Tempong Mbok Nah,Vijaz Sehaldi (Vijaz),4,"Rasany standart sprt masakn rmh, sambel ckp pedas, pelayanan ckp cepat, menu ikan mcm2, harga standart, cm untk tmpt parkir agk susah klo bwk mobil, krn parkir d pinggir jln."
Nasi Tempong Mbok Nah,Ramadan Febriyanto,5,"Makanan khas banyuwangi dan banyak pilihan lauknya,, sambelnya pedes nampoll😁"
Nasi Tempong Mbok Nah,Suharyono Eko Prasetyo,2,"Tempat kurang nyaman, nasinya gak Punel kayak beras murahan, tapi herannya orang-orang pada suka makan disini,
Pesan Nasi dgn Cumi, yg disajikan Nasi pelas cumi, pengennya sayur cumi kuah hitam, ternyata tdk punya di dan ibunya yg nglayani diam saja , sudah gitu jutek lagi maklum, pelayan nya emak-emak semua, jadi gak pengen ngulangi makan disini.."
Nasi Tempong Mbok Nah,Dwi Utami,5,MAKNYOSSS sangat cocok sambelnya untuk lidah surabaya ku 👊👊👊 pilihan lauknya banyak 💥💥
Nasi Tempong Mbok Nah,Amalina Zaki,5,"Mantap dan murah. Porsi banyak bgt, waktu di banyuwangi 2x beli disana gak habis dimakan sendiri, bisa dimakan berdua. Ada bayam rebus, tempe goreng, iwak asin, lauknya macem2 pilihannya, sambelnya banyak oke nempong bgt 😁. Cuma yg kurang cocok telur dadarnya krispi kering bgt, jadi kurang berasa, 2x pesan sama. Mungkin memang disana telurnya gitu kali ya."
Nasi Tempong Mbok Nah,Syarif Maulana,4,"Makanan lumayan enak, tapi kalo makan didalam pengap dan bau asap penggorengan.."
Nasi Tempong Mbok Nah,Kresna duta,5,"Menurutku iki sego tempong sing enakk neng banyuwangi kota, murah dan terjangkau"
Nasi Tempong Mbok Nah,sulung budi,5,Nasi tempong mbok nah memang selera masyarakat banyuwangi enak pedesnya bikin ketagihan porsinya lumayan juga
Nasi Tempong Mbok Nah,Isna Lutfiana,4,Porsi cukup besar dengan berbagai macam pilihan lauk. Untuk lauk udang harga 20k per porsi. Cocok untuk para pecinta pedas
Nasi Tempong Mbok Nah,Karyawan Titipan,5,"Otentik .. nasi tempongnya .. mantab, lauknya banyak pilihannya .. bagi yg doyan pedes tempat ini cocok banget .."
Nasi Tempong Mbok Nah,Irma Yunita,5,"Nasi tempongnya enak,porsinya banyak.."
Nasi Tempong Mbok Nah,Fuji R. Pelson,4,"Nasinya hampir sama dengan pecel ayam pada umumnya, akan tetapi sayuran yang digunakan disini adalah bayam dan kol yang sudah direbus, kemudian disertakan dengan bakwan goreng, ikan asin goreng dan tahu tempe goreng, untuk aham, sambelnya kurang lebih sama dengan pecel ayam pada umumnya"
Nasi Tempong Mbok Nah,Syifani Arihatu Jasmine,5,Sambelnya nampol
Nasi Tempong Mbok Nah,mushonnifil,5,Enak... lauk beragam... puedesss tapi Nuagiiihhhin pol... dan terakhir murahnya g masuk akal wkwkwk
Nasi Tempong Mbok Nah,김도현,5,rasa sambelnya menamparrr
Nasi Tempong Mbok Nah,Budi Irawan,5,"Mantab boss, sambelnya benar benar seperti ditempong, pilihan lauknya bermacam, harga bersahabat . Kalo ke Banyuwangi rugi kalo gak nyoba, apalagi penggemar pedas..😁"
Nasi Tempong Mbok Nah,Ratih Hapsari,4,Sambelnya mantep banget tapi untuk pilihan lauknya terlalu sedikit kalau dibandingkan sama Mbok sebelah yg hampir sama namanya 😁 …
Nasi Tempong Mbok Nah,Zulfikar Septian,5,"Oke dan worth it.
Sambel cocok buat yang gak terlalu suka pedas"
Nasi Tempong Mbok Nah,Asri Mardhiyati,4,"Kuliner khas banyuwangi yang patut dicoba, rasa pedas nya bandel, tersedia berbagai macam pilihan lauk, harga terjangkau"
Nasi Tempong Mbok Nah,Alifiah Ramadani,5,"Nasi tempong otentik enak banget sambelnya
Buat org luar bwi kayak saya porsinya sangat buwanyak
Udangnya gede2, mantapp"
Nasi Tempong Mbok Nah,Ainis Nurlaila,5,"Pertama kalinya makan sego tempong aku terkejut sama porsinya yang sangat banyak tapi harganya murah meriah. Harganya tergantung lauk yang dipesan. Aku pesan ikan laut + telur harganya 19 ribu. Worth it bangeet karena nasinya banyak, pelengkap makanannya banyak. Ada lalapan sayur, kol, timun, ikan asin, tahu tempe dan sambal. Rasanya enak pas bangeet perpaduannya ditambah pakai sambalnya jadi tambah nikmat! Modelnya kaya warteg gitu. Kebetulan aku take away dan ketemu bule lagi dine in sendirian. Semoga kapan kapan aku bisa balik lagi ya."
Nasi Tempong Mbok Nah,Nugroho Agung,3,"Makanan khas, yg terdiri dari nasi, sayur rebus, ikan asin secuil, sambal.
Lauk bs pilih dari ayam, telur dadar, udang, ati ampela, dll.
Rasa biasa aja, g tll istimewa."
Nasi Tempong Mbok Nah,ilham taufiqi,5,Makanan khas banyuwangi yg mantap kali. Bukan kaleng2. Sambalnya wenaak.
Nasi Tempong Mbok Nah,Tgifi Oriole,4,Nasi tempong legendaris khas Banyuwangi. Rasa sambelnya pedas sekali dan banyak pilihan lauk untuk melengkapi sajian nasi tempongnya.
Nasi Tempong Mbok Nah,INoz DM,4,"Warungnya biasa aja, menunya sederhana tapi sambalnyaaa..mantaab..siapkan handuk krn keringat akan deras bercucuran.. Harga? Terjangkau banget.."
Nasi Tempong Mbok Nah,EM ROA,2,"Pelayanan ramah, baik, harga sangat terjangkau.
Tapi maaf nasinya katos. Tempenya katos.
Katos=alot=keras.
Kyk gk sesuai dgn ratingnya.
Apakah memang tempong itu nasinya harus keras? Saya gak tau.
Sambel? Top.
Ayam? Enak.
Telur? Soso."
Nasi Tempong Mbok Nah,Extivonus Fransiskus,5,"Nasi Tempong Lauk Telur Dadar dan Pelasan -15k

Makanan khas Banyuwangi, mudah ditemukan karena terletak di dekat kota, pas di pinggir jalan. Ciri khas terletak pada sambal terasi yang nampol, pedes pake banget. Susunan menu original adalah nasi, lalapan, ikan asin, tahu, tempe, dadar jagung, dan sambal tempong. Bisa pilih topping lain.
Pegawai cukup banyak, jadi walau kondisi super ramai, tetep bisa terlayani dengan baik. Ibu”nya osing banget :)

Bisa juga melayani bungkus membungkus dengan cepat. Wajib dikunjungi ketika liburan di Banyuwangi"
Nasi Tempong Mbok Nah,Yustinus A.S. Bintara,5,"Kesini nyari sarapan, masih belum terlalu ramai, jadi lauknya masih komplit.. kalau yang suka pedes sangat cocok dilidah, bagi yang ga terlalu suka pedes, minta sambelnya sedikit aja.
Salam kenyang selalu"
Nasi Tempong Mbok Nah,Hendra Susanto,5,Rasa pedas nya nendang harga 18rb an satu porsi dgn lauk tinggal pilih
Nasi Tempong Mbok Nah,Silvia A.N.,5,"Rasanya enak banget, banget, banget. Jangan ragu buat kesini. Sambalnya mantap, lauknya enak-enak lho."
Nasi Tempong Mbok Nah,Stefani Gabriela,5,"@stefanigabriela : Harga murah meriah, porsi muantap, rame juga ngga cuma yang makan di tempat tapi juga yang take away.
Saran buat yang gak kuat pedes minta sambelnya dipisah aja.
Menu yang saya coba ayam, tahu, telor (17ribu aja)
Ada sayurnya juga. 👍🏻👍🏻👍🏻

Cuma perlu bersabar karena antrinya agak tidak teratur."
Nasi Tempong Mbok Nah,Heppy Salim,5,"Massa S1 di Banyuwangi maem nya Nasi Tempong Mbok Nah, karena dekat dengan Universitas PGRI Banyuwangi dan dekat dengan kost an pastinya. Lauk lengkap, tempe tahu dadar jagung, sambel e nempong bgt."
Nasi Tempong Mbok Nah,diki alauddin,5,"Menunya uenak puooolll
Sambelnya maknyooos
Tehnya sepetnya pas
Ga perlu kuras dompet"
Nasi Tempong Mbok Nah,Myta Pramitya,3,"Banyak pilihan lauk, sambal tidak terlalu pedas tp kurang bersih karena si mboknha ambil lauk n' lalalan pake tangan n' bayar pun ke si mbok yg sama 😁😁 …"
Nasi Tempong Mbok Nah,sikoala kun,4,"Ketemu tomat ranti di Toraja, ketemu makanan dengan sambal tomat rantinya di Banyuwangi. Dalam satu piring nasi tempong yang selalu ada pasti sambal 'tomat ranti', kulupan bayam rebus, tempe goreng, tahu goreng, perkedel jagung, dan ikan asin. Sementara 'lauknya' bisa milih mulai dari ayam, telur, lele, dll."
Nasi Tempong Mbok Nah,andy prasetio,5,"Letak di jalan besar, lauk banyak macamnya, harga terjangkau, sambel mantao"
Nasi Tempong Mbok Nah,Rolly H,4,"Menu tradisional dan sederhana tapi legendaris.

Khas bumi blambangan, nasi tempong.
Sambal nya mantap jiwa, pedassss..

Isi nya sayuran, dan aneka lauk yang bisa kita pilih sendiri sesuai selera, dan tak lupa yg satu ini bikin khas,  sambal pedassss."
Nasi Tempong Mbok Nah,Agustin Rafiazka,5,"Sambelnya juaraa.
Saya orang sumatera aja menikmati makan disini,  enak,  murah,  bersih,  ada di pusat kota. Buat harganya murah,  gak ngerobek dompet."
Nasi Tempong Mbok Nah,rizki faraisa,4,Kadang sambal kurang fresh. .. Sayang sekalii
Nasi Tempong Mbok Nah,Imam T.A (Ardie),5,Rasanya nendang.. rekom buat yg suka pedes..🤯 …
Nasi Tempong Mbok Nah,Dwieky Ramadhan,5,sambelnya mantapp
Nasi Tempong Mbok Nah,abal abal,5,"Nasi tempongnya enak, porsinya banyak bisa pilih lauk sendiri disini saya pilih lauk ikan dan telur dadar semuanya enak pas rasanya asin, gurih, pedes. Pelayanan jg cepat padahal waktu itu ramai dan waktu itu saya belinya di bawa pulang karena bawa anak kecil jadi kurang nyaman dimakan tempat. Sayangnya waktu itu pas beli sekitaran jam 7, tapi cuminya sudah habis."
Nasi Tempong Mbok Nah,Melviana.,4,"Makannya enak hampir sama kayak penyetan, jadi pingin kesana lagi"
Nasi Tempong Mbok Nah,Ira Tanti,5,"Sambalnya mantap, ikan goreng dll guriihh, nasinya punel"
Nasi Tempong Mbok Nah,Musthafa Azzam,5,"Salah satu kuliner legendaris di banyuwangi, sambel tempongnya seger mantep, lauknya juga enak, recommended👍"
Nasi Tempong Mbok Nah,Oki Alex Candra,5,"Makannya enak banget,murah..."
Nasi Tempong Mbok Nah,Sri Juliati,5,Pedasnyaaa mantappp jiwa. Lokasinya di pinggir jalan dan mudah dicari. Harganya juga terjangkau.
Nasi Tempong Mbok Nah,Deasirina Ariestiati,5,"Rasanya enak, sambalnya mantap, makanan murah meriah dengan porsi yang luar biasa"
Nasi Tempong Mbok Nah,Eric Tranggono,5,"Kalau ke Banyuwangi nasi tempong merakyat yang murah meriah mampir kesini, harga murah, nasi dan lauknya banyak, puasss, sambal pedas nikmat"
Nasi Tempong Mbok Nah,Rike Asmara,5,"Murah, pake banget ,,enak..pokonya wes legendary deh..sambelnya pedes yang masih tolerable heheehhe..."
Nasi Tempong Mbok Nah,Petra Priana,3,"Mkanannya lumayan lahh, harga pas dikantong, tempatnya sederhana, antriannya lumyan pnjang juga, karyawannya g sabaran, atau mungkin karna antrinya yee.. Saran sie harusnya sedikit sabar lahhh. Lumyan lah"
Nasi Tempong Mbok Nah,Wahana FM,3,"Buka sampai malam tapi lauk sangat terbatas apabila datang di atas pukul 21.00, kami hanya dapat memilih lauk telur, ayam, dan 1 jenis ikan (lupa namanya)"
Nasi Tempong Mbok Nah,Dony Arcapada,5,Makanan khas Banyuwangi...enak banget...lauknya banyak...sambelnya maknyussss 👌
Nasi Tempong Mbok Nah,Azhar Annas,5,"oke naise, murah, parkir mudah, nasi khas banyuwangi"
Nasi Tempong Mbok Nah,Endang Ningsih,4,"Untuk sy yang pertama kali nyobain nasi tempong di banyuwangi kota, rasanya masih belum pas di lidah, tp ruame banget disini"
Nasi Tempong Mbok Nah,ariefpokto,4,Tempat Nasi Tempong otentik dengan pilihan lauk yang OK. Sambalnya pedas dan segar.
Nasi Tempong Mbok Nah,Mr. Supiyanto,5,sambelnya Tempongnya khas legendaris banget pweeeedes poll njan trasa di tempong bibir
Nasi Tempong Mbok Nah,Giana Ang,4,"Warung makan Nasi tempong dengan beragam lauk yang komplit macamnya. Harga dan rasa merakyat. Lokasi strategis, parkir terbatas. Untuk rasa sambalnya bagi saya sedikit kemanisan."
Nasi Tempong Mbok Nah,Arofi Yanuar Rachman,5,"Sapu bersih, lauk dasar komplit, bisa nambah telor ayam dll, mungkin bisa ditambah menu lauk pilihan babat dan paru"
Nasi Tempong Mbok Nah,Mommy Choco,4,"Maknyoooooos, mantaaap yg suka pedaas.. Harga murah bingitttt.. 10rb bisa sekalian ma minum nya loh, cuma kurang bersih tempatnya."
Nasi Tempong Mbok Nah,m aidan,5,"Enak, murah, dan rasanya tidak dapat dijumpai di tempat lain."
Nasi Tempong Mbok Nah,Egar D Resta,5,"Nasi tempong nya enak,recomended buat yang suka makanan pedas banyak pilihan lauk,harga termasuk murah
Kalau mampir ke banyuwangi harus nyoba makan  disini"
Nasi Tempong Mbok Nah,Andiuswaw,4,"Sambalnya mantap. #localguide Bisa dibungkus dan bawa pulang.
Bermacam-macam lauk (lele goreng, tahu, tempe, udang, ikan laut)"
Nasi Tempong Mbok Nah,Yuda Cimeel (Chan),5,"Enak bangett,  yg ke banyuwangi jangan lupa mampir ke sini yaaa...  Ini aku pesen yang original ya,  kalo mau tambah lauk bisa banget,  ada ayam,  ikan dll"
Nasi Tempong Mbok Nah,Andaru Setiawan,5,"Salah 1 nasi tempong terenak di Banyuwangi
Porsi lumayan banyak, sambelnya enak dan lumayan pedas
Menu favorit lauk telur crispy"
Nasi Tempong Mbok Nah,Ade Irwan,5,"Jangan lupa mampir di Banyuwangi,makan nasi tempong.lezat..
Dari Sumatera Barat..2022"
Nasi Tempong Mbok Nah,hakam rahmatullah,5,Semula mau ke mbok Wah tetapi tersasar kesini. Emang mantep bener nasi tempong. Makanan khas Banyuwangi. Ikan lautnya wenak. Tempat di sekitaran kota sehingga mufah untuk ditemukan.
Nasi Tempong Mbok Nah,Putri Ersun,4,"Ntapz banget rasanya.  Murah meriah. Berdua habis 28 rb. 1 nasi tempong biasa, 1 nasi tempong ayam dan 2 es jeruk.. Pembeli ada terus. Ga berhenti2."
